"Dia","1ª Dose","2ª Dose","Dose Única","Dose Reforço","2ª Dose Reforço","Dose Adicional","Total de Doses Aplicadas"
"17/01/2021","26,818","11,981","2,613","994","90","144","42,640"
"18/01/2021","2,650","165","123","150","1","64","3,153"
"19/01/2021","62,037","306","8","196","1","79","62,627"
"20/01/2021","348,890","721","15","99","2","86","349,813"
"21/01/2021","392,653","814","2","283","1","116","393,869"
"22/01/2021","351,350","1,234","3","48","0","81","352,716"
"23/01/2021","87,347","307","4","22","0","21","87,701"
"24/01/2021","35,686","266","3","73","0","44","36,072"
"25/01/2021","227,255","433","7","99","1","47","227,842"
"26/01/2021","262,122","608","12","101","2","34","262,879"
"27/01/2021","307,990","531","5","138","1","61","308,726"
"28/01/2021","340,978","650","6","140","0","53","341,827"
"29/01/2021","302,948","451","10","53","0","27","303,489"
"30/01/2021","78,065","173","8","36","0","6","78,288"
"31/01/2021","35,735","78","8","123","2","44","35,990"
"01/02/2021","242,711","783","11","57","1","19","243,582"
"02/02/2021","275,329","3,294","10","66","0","25","278,724"
"03/02/2021","289,084","10,436","11","88","3","66","299,688"
"04/02/2021","308,046","23,689","2","84","2","33","331,856"
"05/02/2021","284,687","25,321","8","29","1","28","310,074"
"06/02/2021","90,937","3,568","4","10","0","4","94,523"
"07/02/2021","28,550","1,167","17","51","0","35","29,820"
"08/02/2021","242,831","36,429","19","77","2","27","279,385"
"09/02/2021","252,292","48,254","19","69","0","19","300,653"
"10/02/2021","271,158","91,628","19","94","0","27","362,926"
"11/02/2021","301,725","153,486","3","120","2","41","455,377"
"12/02/2021","324,510","181,243","10","39","2","20","505,824"
"13/02/2021","97,120","36,779","9","17","0","6","133,931"
"14/02/2021","21,123","19,753","9","123","0","21","41,029"
"15/02/2021","173,704","147,410","9","106","1","44","321,274"
"16/02/2021","129,953","182,299","6","94","1","110","312,463"
"17/02/2021","136,053","233,363","8","79","2","24","369,529"
"18/02/2021","146,955","280,612","1","74","2","43","427,687"
"19/02/2021","118,219","210,787","3","30","1","15","329,055"
"20/02/2021","26,002","34,201","4","26","2","5","60,240"
"21/02/2021","7,937","9,507","4","122","4","20","17,594"
"22/02/2021","80,927","158,522","27","53","0","15","239,544"
"23/02/2021","82,898","135,226","17","119","2","9","218,271"
"24/02/2021","71,540","120,009","6","60","1","21","191,637"
"25/02/2021","95,240","109,778","24","59","17","41","205,159"
"26/02/2021","184,416","119,834","8","38","0","4","304,300"
"27/02/2021","204,140","33,893","4","20","2","5","238,064"
"28/02/2021","49,717","11,072","8","50","0","30","60,877"
"01/03/2021","382,793","126,310","3","28","2","9","509,145"
"02/03/2021","357,635","167,180","4","27","1","10","524,857"
"03/03/2021","453,375","165,708","27","136","11","22","619,279"
"04/03/2021","361,082","161,228","4","85","2","14","522,415"
"05/03/2021","341,453","178,201","10","40","1","23","519,728"
"06/03/2021","165,803","68,946","1","11","0","7","234,768"
"07/03/2021","37,970","13,877","19","91","0","18","51,975"
"08/03/2021","289,374","155,865","34","84","2","20","445,379"
"09/03/2021","238,944","171,947","4","99","1","39","411,034"
"10/03/2021","266,063","184,097","14","86","1","24","450,285"
"11/03/2021","272,761","185,723","115","139","4","24","458,766"
"12/03/2021","313,017","156,736","172","46","0","14","469,985"
"13/03/2021","162,588","37,328","202","16","0","11","200,145"
"14/03/2021","34,876","6,844","29","103","0","6","41,858"
"15/03/2021","409,444","113,030","275","92","0","26","522,867"
"16/03/2021","324,796","100,974","281","86","2","13","426,152"
"17/03/2021","276,636","86,142","297","103","2","16","363,196"
"18/03/2021","355,166","82,639","240","121","1","24","438,191"
"19/03/2021","650,222","74,589","179","174","0","16","725,180"
"20/03/2021","354,704","22,692","38","21","0","4","377,459"
"21/03/2021","77,304","7,055","3","51","0","15","84,428"
"22/03/2021","580,012","77,456","206","61","2","10","657,747"
"23/03/2021","734,737","98,950","137","58","3","30","833,915"
"24/03/2021","871,980","144,277","221","106","1","18","1,016,603"
"25/03/2021","908,911","150,777","77","96","6","13","1,059,880"
"26/03/2021","953,768","133,008","52","53","0","12","1,086,893"
"27/03/2021","718,758","47,849","24","29","0","3","766,663"
"28/03/2021","210,843","16,288","11","42","2","9","227,195"
"29/03/2021","892,854","153,409","59","99","5","17","1,046,443"
"30/03/2021","1,025,377","164,783","17","116","2","11","1,190,306"
"31/03/2021","870,857","199,131","27","135","2","36","1,070,188"
"01/04/2021","606,256","150,949","33","68","2","30","757,338"
"02/04/2021","232,089","28,022","11","12","1","5","260,140"
"03/04/2021","383,071","57,040","18","9","0","4","440,142"
"04/04/2021","66,767","18,938","4","114","4","9","85,836"
"05/04/2021","679,049","367,177","41","136","13","20","1,046,436"
"06/04/2021","598,952","283,377","71","128","7","29","882,564"
"07/04/2021","535,168","281,405","34","127","7","16","816,757"
"08/04/2021","406,672","307,490","36","64","4","13","714,279"
"09/04/2021","422,663","492,607","32","44","0","15","915,361"
"10/04/2021","435,447","196,575","13","22","0","7","632,064"
"11/04/2021","73,185","41,221","4","163","5","8","114,586"
"12/04/2021","538,229","432,067","38","73","3","9","970,419"
"13/04/2021","455,096","415,082","65","86","3","25","870,357"
"14/04/2021","425,009","427,282","14","67","3","13","852,388"
"15/04/2021","354,664","533,330","11","80","5","6","888,096"
"16/04/2021","331,906","701,005","11","64","2","15","1,033,003"
"17/04/2021","380,928","291,192","7","28","1","8","672,164"
"18/04/2021","103,986","47,477","1","61","4","9","151,538"
"19/04/2021","514,512","702,244","26","109","7","24","1,216,922"
"20/04/2021","664,982","808,998","13","146","7","24","1,474,170"
"21/04/2021","526,014","278,645","3","61","2","6","804,731"
"22/04/2021","587,740","830,715","9","75","7","16","1,418,562"
"23/04/2021","560,692","680,936","6","67","3","11","1,241,715"
"24/04/2021","324,657","324,669","1","40","0","4","649,371"
"25/04/2021","56,561","85,092","4","66","14","8","141,745"
"26/04/2021","466,861","703,770","9","88","8","24","1,170,760"
"27/04/2021","454,594","653,673","12","82","7","16","1,108,384"
"28/04/2021","471,005","568,696","12","86","10","14","1,039,823"
"29/04/2021","499,087","459,066","7","92","1","14","958,267"
"30/04/2021","415,162","342,405","11","64","5","13","757,660"
"01/05/2021","224,880","116,163","6","9","1","5","341,064"
"02/05/2021","91,946","25,966","4","28","3","0","117,947"
"03/05/2021","496,114","393,410","7","139","4","13","889,687"
"04/05/2021","626,356","342,162","12","70","8","15","968,623"
"05/05/2021","788,565","309,482","17","77","12","8","1,098,161"
"06/05/2021","989,161","206,237","25","51","8","14","1,195,496"
"07/05/2021","758,784","193,283","21","21","2","9","952,120"
"08/05/2021","369,142","123,049","17","43","0","1","492,252"
"09/05/2021","22,950","13,311","21","20","5","2","36,309"
"10/05/2021","534,747","251,302","12","76","6","16","786,159"
"11/05/2021","581,805","264,748","9","126","6","10","846,704"
"12/05/2021","662,874","187,000","15","59","5","17","849,970"
"13/05/2021","619,350","164,940","17","58","3","9","784,377"
"14/05/2021","704,374","220,109","16","49","1","16","924,565"
"15/05/2021","346,494","208,035","17","26","0","9","554,581"
"16/05/2021","132,830","87,922","26","31","3","6","220,818"
"17/05/2021","555,427","243,558","14","57","7","13","799,076"
"18/05/2021","673,145","269,564","14","67","8","13","942,811"
"19/05/2021","662,809","263,567","20","71","15","25","926,507"
"20/05/2021","688,860","330,609","26","59","4","21","1,019,579"
"21/05/2021","675,616","303,391","9","41","3","13","979,073"
"22/05/2021","290,407","156,690","4","20","0","4","447,125"
"23/05/2021","47,275","22,002","2","13","2","5","69,299"
"24/05/2021","528,434","277,976","9","32","12","2","806,465"
"25/05/2021","637,439","238,389","11","48","5","14","875,906"
"26/05/2021","618,638","225,635","49","42","4","22","844,390"
"27/05/2021","692,424","199,911","15","47","3","9","892,409"
"28/05/2021","818,430","158,296","25","33","0","17","976,801"
"29/05/2021","397,599","57,380","37","20","0","4","455,040"
"30/05/2021","64,804","6,349","23","22","3","4","71,205"
"31/05/2021","654,034","129,955","14","60","12","12","784,087"
"01/06/2021","850,323","206,861","86","63","5","13","1,057,351"
"02/06/2021","1,067,452","199,326","107","55","7","6","1,266,953"
"03/06/2021","467,513","58,289","31","41","10","18","525,902"
"04/06/2021","714,225","94,849","40","36","2","16","809,168"
"05/06/2021","448,034","42,062","95","30","0","8","490,229"
"06/06/2021","90,694","4,817","122","67","14","5","95,719"
"07/06/2021","979,382","132,177","163","75","15","22","1,111,834"
"08/06/2021","1,117,655","107,569","134","58","9","19","1,225,444"
"09/06/2021","1,164,308","86,326","297","90","9","18","1,251,048"
"10/06/2021","1,172,537","78,817","125","97","14","13","1,251,603"
"11/06/2021","1,278,517","69,762","29","113","4","8","1,348,433"
"12/06/2021","869,416","18,285","70","36","0","10","887,817"
"13/06/2021","206,863","4,071","43","11","5","3","210,996"
"14/06/2021","1,198,673","77,387","141","79","23","15","1,276,318"
"15/06/2021","1,395,892","86,138","135","60","10","22","1,482,257"
"16/06/2021","1,581,107","109,545","134","80","2","37","1,690,905"
"17/06/2021","1,468,612","93,919","216","60","1","30","1,562,838"
"18/06/2021","1,395,553","82,719","220","59","2","26","1,478,579"
"19/06/2021","1,094,958","100,129","290","34","0","6","1,195,417"
"20/06/2021","232,805","20,558","258","45","8","15","253,689"
"21/06/2021","1,181,778","138,104","436","113","24","21","1,320,476"
"22/06/2021","1,233,159","173,418","626","107","10","18","1,407,338"
"23/06/2021","1,233,330","138,051","705","65","9","22","1,372,182"
"24/06/2021","998,203","99,421","879","70","5","22","1,098,600"
"25/06/2021","1,053,944","101,726","70,295","61","2","49","1,226,077"
"26/06/2021","847,873","60,517","139,818","43","1","50","1,048,302"
"27/06/2021","145,142","8,413","34,355","20","9","39","187,978"
"28/06/2021","1,052,674","178,377","265,628","98","9","45","1,496,831"
"29/06/2021","1,196,129","182,502","185,484","97","12","36","1,564,260"
"30/06/2021","1,170,890","198,453","175,636","104","14","40","1,545,137"
"01/07/2021","1,057,337","168,039","119,036","92","2","36","1,344,542"
"02/07/2021","1,168,303","176,566","121,338","68","2","21","1,466,298"
"03/07/2021","756,080","91,582","84,290","29","0","13","931,994"
"04/07/2021","131,560","27,381","32,334","45","14","8","191,342"
"05/07/2021","1,171,197","265,113","114,460","82","15","36","1,550,903"
"06/07/2021","1,255,073","246,391","351,731","159","11","139","1,853,504"
"07/07/2021","1,142,227","270,137","621,152","137","9","185","2,033,847"
"08/07/2021","1,088,692","253,539","432,913","108","6","80","1,775,338"
"09/07/2021","943,446","251,164","344,827","72","2","213","1,539,724"
"10/07/2021","633,499","140,444","191,958","105","2","53","966,061"
"11/07/2021","82,365","27,526","35,089","31","4","4","145,019"
"12/07/2021","943,884","461,498","203,531","142","7","120","1,609,182"
"13/07/2021","840,643","483,427","199,532","107","11","245","1,523,965"
"14/07/2021","823,447","533,763","140,155","130","10","64","1,497,569"
"15/07/2021","780,665","545,095","110,518","235","5","32","1,436,550"
"16/07/2021","900,517","567,695","93,832","83","2","35","1,562,164"
"17/07/2021","827,326","286,189","58,170","40","2","27","1,171,754"
"18/07/2021","124,931","29,556","9,743","30","4","10","164,274"
"19/07/2021","1,109,663","628,960","43,621","103","11","74","1,782,432"
"20/07/2021","1,130,799","627,026","46,914","162","7","73","1,804,981"
"21/07/2021","1,120,530","735,727","33,643","151","16","43","1,890,110"
"22/07/2021","1,289,999","734,883","31,693","139","6","29","2,056,749"
"23/07/2021","1,410,228","625,605","26,781","125","3","26","2,062,768"
"24/07/2021","621,458","264,631","15,860","59","0","7","902,015"
"25/07/2021","95,200","55,172","2,380","17","2","6","152,777"
"26/07/2021","850,822","675,563","34,509","112","10","26","1,561,042"
"27/07/2021","852,011","838,454","19,320","131","13","56","1,709,985"
"28/07/2021","712,677","805,734","19,244","151","7","37","1,537,850"
"29/07/2021","908,675","838,854","14,772","141","22","43","1,762,507"
"30/07/2021","1,056,759","683,945","11,600","135","7","31","1,752,477"
"31/07/2021","478,597","265,676","7,421","79","3","7","751,783"
"01/08/2021","117,214","52,440","775","64","5","2","170,500"
"02/08/2021","985,990","627,275","8,436","105","3","22","1,621,831"
"03/08/2021","1,282,141","663,313","10,379","124","5","28","1,955,990"
"04/08/2021","1,209,525","732,923","8,392","146","6","26","1,951,018"
"05/08/2021","1,249,334","687,279","7,363","124","5","27","1,944,132"
"06/08/2021","1,245,109","748,297","8,389","153","4","51","2,002,003"
"07/08/2021","710,623","302,531","6,216","69","3","12","1,019,454"
"08/08/2021","72,754","97,314","2,484","43","2","3","172,600"
"09/08/2021","1,139,372","758,066","10,874","164","9","48","1,908,533"
"10/08/2021","1,693,460","792,611","12,259","247","0","88","2,498,665"
"11/08/2021","1,509,173","768,469","12,279","190","7","125","2,290,243"
"12/08/2021","1,601,404","790,371","16,251","201","9","39","2,408,275"
"13/08/2021","1,586,462","799,214","13,349","179","1","50","2,399,255"
"14/08/2021","1,228,902","406,702","7,919","126","2","40","1,643,691"
"15/08/2021","351,909","85,588","1,440","62","2","17","439,018"
"16/08/2021","1,298,053","934,121","5,629","274","6","45","2,238,128"
"17/08/2021","1,432,179","1,007,249","8,687","265","3","78","2,448,461"
"18/08/2021","1,449,980","1,040,815","5,848","265","6","70","2,496,984"
"19/08/2021","1,291,334","1,016,029","6,054","247","9","61","2,313,734"
"20/08/2021","1,109,876","1,061,878","6,849","350","1","52","2,179,006"
"21/08/2021","893,889","372,690","2,645","223","3","55","1,269,505"
"22/08/2021","165,634","61,256","468","130","3","73","227,564"
"23/08/2021","1,041,190","920,526","2,869","238","3","26","1,964,852"
"24/08/2021","1,128,011","985,324","5,053","188","9","38","2,118,623"
"25/08/2021","1,043,416","1,059,655","4,397","196","2","42","2,107,708"
"26/08/2021","1,093,742","933,945","3,620","309","6","53","2,031,675"
"27/08/2021","952,453","1,071,316","5,664","1,295","11","130","2,030,869"
"28/08/2021","616,001","542,241","1,219","1,544","7","114","1,161,126"
"29/08/2021","138,048","82,159","832","482","0","62","221,583"
"30/08/2021","998,589","1,204,034","2,763","2,427","3","108","2,207,924"
"31/08/2021","1,040,376","1,254,994","4,538","3,869","3","95","2,303,875"
"01/09/2021","879,234","1,322,882","4,952","5,114","4","137","2,212,323"
"02/09/2021","737,472","1,388,357","5,257","5,737","7","147","2,136,977"
"03/09/2021","745,526","1,325,433","4,106","7,539","8","300","2,082,912"
"04/09/2021","338,818","567,921","983","4,869","4","105","912,700"
"05/09/2021","51,988","76,084","265","1,395","2","21","129,755"
"06/09/2021","371,393","611,312","894","19,972","7","484","1,004,062"
"07/09/2021","73,347","167,286","218","2,122","3","95","243,071"
"08/09/2021","583,458","1,837,548","1,941","15,081","12","319","2,438,359"
"09/09/2021","697,905","1,837,485","2,369","23,822","8","442","2,562,031"
"10/09/2021","737,326","1,500,401","2,331","29,555","14","556","2,270,183"
"11/09/2021","362,162","645,593","2,138","23,324","29","432","1,033,678"
"12/09/2021","55,778","91,943","184","2,075","0","48","150,028"
"13/09/2021","568,413","1,435,501","3,435","41,106","11","884","2,049,350"
"14/09/2021","611,603","1,535,103","2,670","41,487","22","939","2,191,824"
"15/09/2021","701,280","1,346,518","2,724","55,527","17","1,439","2,107,505"
"16/09/2021","696,856","1,271,682","1,083","55,270","7","2,313","2,027,211"
"17/09/2021","546,843","1,186,023","924","60,026","6","2,484","1,796,306"
"18/09/2021","254,536","521,891","883","37,791","6","5,133","820,240"
"19/09/2021","44,454","76,870","202","2,159","3","102","123,790"
"20/09/2021","393,886","1,172,687","878","55,426","16","2,903","1,625,796"
"21/09/2021","488,246","1,326,475","963","77,487","20","4,964","1,898,155"
"22/09/2021","554,812","1,289,139","784","88,252","17","6,182","1,939,186"
"23/09/2021","530,904","1,306,396","1,016","99,957","17","8,374","1,946,664"
"24/09/2021","556,963","1,239,195","1,011","95,524","16","8,276","1,900,985"
"25/09/2021","350,483","719,935","740","65,407","3","3,921","1,140,489"
"26/09/2021","25,801","89,341","47","5,134","1","725","121,049"
"27/09/2021","413,315","1,263,764","1,202","133,002","15","10,597","1,821,895"
"28/09/2021","464,054","1,314,239","1,048","138,403","23","11,282","1,929,049"
"29/09/2021","470,043","1,240,486","1,101","148,444","14","13,585","1,873,673"
"30/09/2021","457,583","1,208,878","1,113","147,115","22","15,334","1,830,045"
"01/10/2021","368,831","1,028,785","905","153,201","17","13,386","1,565,125"
"02/10/2021","262,679","595,387","653","112,721","10","6,043","977,493"
"03/10/2021","25,082","59,832","445","6,599","1","274","92,233"
"04/10/2021","301,260","990,316","901","231,299","31","11,618","1,535,425"
"05/10/2021","333,600","1,066,920","888","303,149","51","14,822","1,719,430"
"06/10/2021","335,110","1,102,631","736","367,697","33","16,823","1,823,030"
"07/10/2021","326,477","1,103,408","796","391,291","36","18,404","1,840,412"
"08/10/2021","346,097","1,062,283","934","371,620","35","19,909","1,800,878"
"09/10/2021","119,584","405,490","473","112,990","5","4,285","642,827"
"10/10/2021","13,873","64,531","151","20,089","4","363","99,011"
"11/10/2021","84,579","418,214","369","112,778","9","6,315","622,264"
"12/10/2021","21,361","82,442","85","29,397","6","896","134,187"
"13/10/2021","216,460","1,273,732","833","446,414","56","20,055","1,957,550"
"14/10/2021","246,794","1,294,599","1,279","470,315","54","19,664","2,032,705"
"15/10/2021","215,302","1,189,849","1,122","411,385","100","16,882","1,834,640"
"16/10/2021","150,466","556,456","985","202,002","92","6,399","916,400"
"17/10/2021","15,177","65,819","21","15,000","2","423","96,442"
"18/10/2021","178,269","1,065,522","934","362,970","90","15,418","1,623,203"
"19/10/2021","209,439","1,130,840","1,259","423,207","45","18,302","1,783,092"
"20/10/2021","221,256","1,101,283","1,794","411,085","56","20,587","1,756,061"
"21/10/2021","288,556","1,068,043","1,332","420,906","44","20,189","1,799,070"
"22/10/2021","293,308","985,558","1,141","405,451","42","19,506","1,705,006"
"23/10/2021","106,443","374,215","583","146,586","17","4,416","632,260"
"24/10/2021","24,109","51,314","110","10,463","0","384","86,380"
"25/10/2021","227,176","982,725","848","413,218","50","15,594","1,639,611"
"26/10/2021","248,866","1,127,585","1,322","464,944","82","19,960","1,862,759"
"27/10/2021","243,345","1,119,329","1,179","457,164","86","18,250","1,839,353"
"28/10/2021","219,061","954,794","1,119","440,383","124","17,901","1,633,382"
"29/10/2021","142,883","740,186","1,173","331,686","85","12,914","1,228,927"
"30/10/2021","69,247","285,478","466","92,212","34","3,834","451,271"
"31/10/2021","18,425","47,574","50","9,546","3","435","76,033"
"01/11/2021","31,919","195,139","33","58,573","24","4,907","290,595"
"02/11/2021","15,086","89,116","21","20,532","7","6,105","130,867"
"03/11/2021","156,928","1,098,025","291","388,686","124","14,913","1,658,967"
"04/11/2021","186,730","1,099,398","178","413,193","98","16,939","1,716,536"
"05/11/2021","208,594","1,052,752","203","386,319","90","14,522","1,662,480"
"06/11/2021","72,598","331,628","218","108,839","36","3,547","516,866"
"07/11/2021","15,579","48,535","72","14,969","5","734","79,894"
"08/11/2021","170,260","888,855","335","342,243","111","13,727","1,415,531"
"09/11/2021","189,117","941,341","510","365,309","114","14,629","1,511,020"
"10/11/2021","182,085","922,142","558","349,087","71","14,684","1,468,627"
"11/11/2021","174,242","961,578","514","364,347","223","15,608","1,516,512"
"12/11/2021","153,073","849,571","244","321,102","70","12,163","1,336,223"
"13/11/2021","41,605","272,893","63","75,204","16","2,739","392,520"
"14/11/2021","9,888","35,209","20","7,586","2","314","53,019"
"15/11/2021","16,693","69,151","19","18,798","9","1,101","105,771"
"16/11/2021","130,656","866,849","195","324,128","143","13,608","1,335,579"
"17/11/2021","143,716","891,593","230","385,074","112","16,230","1,436,955"
"18/11/2021","138,285","874,059","203","427,878","125","17,087","1,457,637"
"19/11/2021","128,017","793,796","164","401,335","103","14,919","1,338,334"
"20/11/2021","84,665","359,091","72","195,472","108","7,514","646,922"
"21/11/2021","8,309","39,262","13","12,804","5","1,324","61,717"
"22/11/2021","115,408","757,784","195","379,440","134","14,108","1,267,069"
"23/11/2021","127,164","814,242","192","314,872","118","15,221","1,271,809"
"24/11/2021","128,443","717,348","295","285,711","273","16,889","1,148,959"
"25/11/2021","143,078","802,972","182","345,886","270","17,848","1,310,236"
"26/11/2021","129,089","691,817","169","309,281","152","14,872","1,145,380"
"27/11/2021","43,440","232,459","27","68,502","37","3,460","347,925"
"28/11/2021","5,675","35,327","14","16,847","8","445","58,316"
"29/11/2021","118,351","648,898","197","298,913","94","12,382","1,078,835"
"30/11/2021","137,111","691,059","207","358,527","237","14,464","1,201,605"
"01/12/2021","138,880","660,945","193","350,682","365","16,821","1,167,886"
"02/12/2021","136,920","641,239","305","358,645","196","14,700","1,152,005"
"03/12/2021","122,991","582,053","312","488,444","294","14,846","1,208,940"
"04/12/2021","46,704","209,386","75","200,809","128","5,566","462,668"
"05/12/2021","8,647","27,973","24","29,004","9","518","66,175"
"06/12/2021","127,291","511,853","212","556,319","307","14,155","1,210,137"
"07/12/2021","139,182","526,431","197","543,895","364","18,919","1,228,988"
"08/12/2021","100,732","416,332","117","472,364","331","14,282","1,004,158"
"09/12/2021","133,237","530,523","886","591,724","328","20,053","1,276,751"
"10/12/2021","105,980","430,121","1,398","558,080","510","25,180","1,121,269"
"11/12/2021","38,022","141,383","421","221,552","136","12,120","413,634"
"12/12/2021","8,472","24,990","37","84,156","60","1,070","118,785"
"13/12/2021","99,986","398,475","709","648,073","507","23,734","1,171,484"
"14/12/2021","107,261","444,650","728","695,661","329","29,372","1,278,001"
"15/12/2021","101,019","431,492","538","677,250","300","29,350","1,239,949"
"16/12/2021","95,507","422,621","857","707,478","235","31,612","1,258,310"
"17/12/2021","78,068","362,384","806","627,501","483","28,598","1,097,840"
"18/12/2021","21,168","99,570","269","193,159","211","11,837","326,214"
"19/12/2021","5,178","20,957","44","44,192","112","933","71,416"
"20/12/2021","75,474","345,716","936","795,589","508","33,905","1,252,128"
"21/12/2021","72,168","342,778","1,029","907,250","896","44,942","1,369,063"
"22/12/2021","63,198","313,207","1,265","829,095","855","43,895","1,251,515"
"23/12/2021","42,386","213,314","641","579,664","506","25,156","861,667"
"24/12/2021","3,402","15,438","76","52,216","105","1,629","72,866"
"25/12/2021","497","1,765","3","3,601","73","60","5,999"
"26/12/2021","1,131","3,719","126","14,148","125","209","19,458"
"27/12/2021","37,299","175,764","639","686,904","334","26,464","927,404"
"28/12/2021","43,535","209,059","886","780,534","448","33,565","1,068,027"
"29/12/2021","41,566","199,161","887","685,296","316","31,869","959,095"
"30/12/2021","27,098","125,594","663","416,815","172","15,837","586,179"
"31/12/2021","2,059","8,758","47","38,194","23","978","50,059"
"01/01/2022","718","1,184","13","2,395","17","90","4,417"
"02/01/2022","932","1,805","14","7,574","10","266","10,601"
"03/01/2022","37,053","155,216","929","718,247","284","29,428","941,157"
"04/01/2022","48,365","212,285","840","955,132","387","41,227","1,258,236"
"05/01/2022","53,921","221,882","1,049","1,012,877","407","45,004","1,335,140"
"06/01/2022","56,529","229,847","1,079","1,029,653","463","42,079","1,359,650"
"07/01/2022","55,648","209,951","960","942,687","619","38,296","1,248,161"
"08/01/2022","11,579","44,307","369","273,399","248","7,072","336,974"
"09/01/2022","2,158","6,567","58","41,337","13","1,012","51,145"
"10/01/2022","58,812","204,799","1,185","1,061,629","486","38,420","1,365,331"
"11/01/2022","58,590","218,687","1,127","1,057,898","426","45,553","1,382,281"
"12/01/2022","60,081","222,641","1,273","1,031,060","448","45,080","1,360,583"
"13/01/2022","64,598","229,901","1,327","1,115,963","475","42,671","1,454,935"
"14/01/2022","58,322","196,132","1,148","1,019,634","551","38,462","1,314,249"
"15/01/2022","30,048","53,646","458","334,606","211","11,480","430,449"
"16/01/2022","9,840","6,760","79","37,089","63","811","54,642"
"17/01/2022","116,096","166,765","869","891,786","609","32,584","1,208,709"
"18/01/2022","152,063","196,854","945","926,062","464","36,446","1,312,834"
"19/01/2022","190,979","186,031","1,160","835,208","391","33,015","1,246,784"
"20/01/2022","189,143","172,433","852","802,408","666","28,771","1,194,273"
"21/01/2022","184,832","144,003","721","767,157","650","30,675","1,128,038"
"22/01/2022","210,841","33,245","250","212,197","198","7,109","463,840"
"23/01/2022","30,187","5,983","74","31,673","80","490","68,487"
"24/01/2022","328,635","142,241","780","822,506","931","28,745","1,323,838"
"25/01/2022","357,795","157,686","739","803,106","580","28,565","1,348,471"
"26/01/2022","481,915","156,609","955","793,512","801","28,566","1,462,358"
"27/01/2022","499,518","149,190","852","795,269","859","29,017","1,474,705"
"28/01/2022","493,937","137,091","716","762,016","971","24,835","1,419,566"
"29/01/2022","327,710","30,107","257","252,005","285","8,560","618,924"
"30/01/2022","47,454","5,505","34","34,904","106","601","88,604"
"31/01/2022","499,689","135,889","719","736,342","1,148","22,881","1,396,668"
"01/02/2022","547,588","153,894","862","799,224","863","28,505","1,530,936"
"02/02/2022","501,779","143,364","880","738,211","741","26,543","1,411,518"
"03/02/2022","499,518","144,671","986","719,236","1,057","27,633","1,393,101"
"04/02/2022","536,704","125,808","850","737,142","1,190","25,493","1,427,187"
"05/02/2022","476,163","42,212","458","326,407","566","6,957","852,763"
"06/02/2022","36,756","5,123","45","49,695","2,643","784","95,046"
"07/02/2022","408,723","123,844","1,207","746,782","1,827","26,757","1,309,140"
"08/02/2022","463,940","126,877","1,637","839,858","1,801","30,005","1,464,118"
"09/02/2022","458,082","123,440","2,260","790,558","1,884","28,121","1,404,345"
"10/02/2022","413,035","121,476","2,269","747,002","2,209","28,397","1,314,388"
"11/02/2022","400,064","102,259","1,619","668,054","2,101","27,140","1,201,237"
"12/02/2022","231,454","28,630","348","203,949","1,820","6,093","472,294"
"13/02/2022","22,833","5,373","96","38,779","587","984","68,652"
"14/02/2022","276,922","102,803","1,922","699,443","2,752","26,698","1,110,540"
"15/02/2022","284,322","103,022","2,054","740,764","3,502","26,785","1,160,449"
"16/02/2022","310,406","103,107","1,953","705,588","3,925","29,938","1,154,917"
"17/02/2022","271,405","99,180","2,202","663,891","3,905","28,605","1,069,188"
"18/02/2022","257,502","86,904","2,503","628,916","3,058","25,963","1,004,846"
"19/02/2022","197,229","61,157","685","260,835","690","13,897","534,493"
"20/02/2022","14,619","6,716","137","33,251","583","2,113","57,419"
"21/02/2022","191,157","140,618","2,478","675,218","2,789","26,222","1,038,482"
"22/02/2022","218,009","171,326","2,785","743,795","3,378","30,691","1,169,984"
"23/02/2022","219,240","189,344","2,656","694,596","3,106","29,670","1,138,612"
"24/02/2022","218,592","203,900","2,450","638,958","3,226","26,132","1,093,258"
"25/02/2022","195,859","210,429","2,033","567,732","2,515","23,850","1,002,418"
"26/02/2022","89,107","62,236","386","105,771","1,747","3,643","262,890"
"27/02/2022","4,753","3,494","46","13,663","701","434","23,091"
"28/02/2022","31,809","38,811","340","117,034","1,195","5,091","194,280"
"01/03/2022","21,070","23,964","247","84,614","829","3,024","133,748"
"02/03/2022","68,614","140,149","1,169","296,919","1,960","12,294","521,105"
"03/03/2022","143,928","264,134","2,328","600,187","3,636","25,472","1,039,685"
"04/03/2022","151,003","271,448","2,079","603,055","2,932","24,760","1,055,277"
"05/03/2022","62,533","130,762","529","185,316","3,257","6,691","389,088"
"06/03/2022","5,230","9,397","157","25,490","287","603","41,164"
"07/03/2022","117,154","235,681","2,611","555,599","4,121","23,005","938,171"
"08/03/2022","128,913","246,174","2,111","609,383","4,237","26,661","1,017,479"
"09/03/2022","132,453","244,043","2,157","625,086","4,413","29,093","1,037,245"
"10/03/2022","130,564","233,981","2,527","623,422","3,060","28,807","1,022,361"
"11/03/2022","127,595","230,119","2,803","546,926","2,866","22,504","932,813"
"12/03/2022","60,715","103,221","726","188,868","3,162","9,012","365,704"
"13/03/2022","5,148","7,822","63","20,778","722","658","35,191"
"14/03/2022","87,332","185,835","2,260","459,948","3,345","18,689","757,409"
"15/03/2022","100,927","215,735","2,628","552,660","3,758","23,674","899,382"
"16/03/2022","97,895","220,760","2,418","542,285","3,966","24,189","891,513"
"17/03/2022","97,667","212,917","2,663","534,830","4,432","26,406","878,915"
"18/03/2022","103,175","238,346","2,042","499,103","13,281","20,557","876,504"
"19/03/2022","46,678","103,992","373","176,959","7,358","5,803","341,163"
"20/03/2022","4,346","8,222","70","17,422","1,369","1,017","32,446"
"21/03/2022","79,187","202,852","2,045","448,047","44,373","18,732","795,236"
"22/03/2022","81,087","207,213","2,351","476,853","47,616","20,142","835,262"
"23/03/2022","85,213","219,499","2,267","504,053","47,440","24,058","882,530"
"24/03/2022","79,817","220,495","1,865","454,565","52,273","24,512","833,527"
"25/03/2022","78,995","232,915","2,092","421,750","55,769","22,138","813,659"
"26/03/2022","32,841","86,012","379","140,533","22,824","8,120","290,709"
"27/03/2022","9,271","26,158","234","40,466","12,746","1,255","90,130"
"28/03/2022","60,734","203,899","2,312","372,235","65,584","21,255","726,019"
"29/03/2022","65,913","207,056","2,683","410,687","124,544","24,947","835,830"
"30/03/2022","62,948","191,781","2,434","394,692","119,536","23,977","795,368"
"31/03/2022","59,756","186,758","2,370","352,870","111,399","20,495","733,648"
"01/04/2022","57,617","182,418","2,647","313,989","108,212","17,833","682,716"
"02/04/2022","20,938","69,150","527","112,971","44,489","5,778","253,853"
"03/04/2022","2,501","8,467","182","11,999","6,038","2,005","31,192"
"04/04/2022","47,439","173,364","3,054","305,653","190,616","22,393","742,519"
"05/04/2022","50,652","179,677","3,565","328,340","268,711","25,409","856,354"
"06/04/2022","49,634","170,521","3,215","316,387","263,490","25,610","828,857"
"07/04/2022","49,804","172,976","3,357","307,223","257,283","22,056","812,699"
"08/04/2022","49,375","179,144","2,681","271,167","226,171","21,636","750,174"
"09/04/2022","15,764","58,419","675","74,130","54,087","3,502","206,577"
"10/04/2022","2,054","6,675","79","8,523","5,985","775","24,091"
"11/04/2022","40,131","149,765","3,014","261,804","247,231","20,011","721,956"
"12/04/2022","41,784","153,907","2,621","273,693","250,470","20,757","743,232"
"13/04/2022","41,288","150,657","2,525","257,694","219,928","19,191","691,283"
"14/04/2022","18,476","74,479","1,208","109,748","110,814","7,772","322,497"
"15/04/2022","833","3,193","53","4,461","3,735","329","12,604"
"16/04/2022","3,687","13,746","177","17,347","14,209","1,041","50,207"
"17/04/2022","663","2,389","37","2,595","1,888","129","7,701"
"18/04/2022","32,378","139,060","2,423","216,923","214,202","16,926","621,912"
"19/04/2022","39,256","161,893","2,415","245,072","240,264","19,300","708,200"
"20/04/2022","47,061","182,832","2,284","259,477","222,874","19,857","734,385"
"21/04/2022","4,503","14,232","246","21,628","13,692","896","55,197"
"22/04/2022","12,857","49,647","546","74,670","43,906","5,060","186,686"
"23/04/2022","5,972","21,967","152","26,246","17,591","1,143","73,071"
"24/04/2022","1,678","5,544","56","7,004","4,102","313","18,697"
"25/04/2022","32,900","128,298","2,193","207,618","186,473","16,670","574,152"
"26/04/2022","35,804","135,240","2,357","229,779","199,566","17,401","620,147"
"27/04/2022","37,212","132,928","2,151","216,258","207,094","16,586","612,229"
"28/04/2022","35,946","131,503","2,182","204,613","185,159","15,112","574,515"
"29/04/2022","34,718","124,295","1,904","173,386","156,834","11,953","503,090"
"30/04/2022","37,495","113,118","1,460","151,997","133,619","11,389","449,078"
"01/05/2022","864","2,623","37","3,897","3,197","207","10,825"
"02/05/2022","27,214","85,489","1,677","160,365","152,601","13,089","440,435"
"03/05/2022","27,762","90,165","1,715","169,493","183,149","15,776","488,060"
"04/05/2022","27,179","87,495","1,802","158,647","194,025","15,849","484,997"
"05/05/2022","26,091","87,866","2,235","159,637","214,356","16,031","506,216"
"06/05/2022","25,233","84,582","1,550","134,425","180,838","11,964","438,592"
"07/05/2022","5,698","18,868","191","25,872","26,270","1,462","78,361"
"08/05/2022","414","996","22","1,447","1,267","76","4,222"
"09/05/2022","20,635","68,608","1,698","129,894","183,746","12,394","416,975"
"10/05/2022","23,887","79,757","2,004","150,266","219,992","14,095","490,001"
"11/05/2022","24,265","82,021","1,878","149,735","235,743","13,981","507,623"
"12/05/2022","24,653","80,990","1,779","145,903","217,541","13,431","484,297"
"13/05/2022","24,398","78,336","1,705","134,122","189,525","11,828","439,914"
"14/05/2022","6,066","20,036","219","28,418","32,036","1,506","88,281"
"15/05/2022","857","2,456","50","3,693","2,731","177","9,964"
"16/05/2022","21,301","64,540","1,517","131,292","177,258","12,890","408,798"
"17/05/2022","22,123","67,492","1,473","132,436","193,093","11,744","428,361"
"18/05/2022","20,331","60,480","1,278","109,665","149,079","9,896","350,729"
"19/05/2022","19,800","60,767","1,476","113,011","156,390","10,344","361,788"
"20/05/2022","21,362","64,673","1,423","116,809","182,953","11,287","398,507"
"21/05/2022","6,259","19,150","315","28,534","38,382","1,509","94,149"
"22/05/2022","927","2,270","40","3,246","3,679","295","10,457"
"23/05/2022","19,739","57,696","1,639","126,029","207,730","12,696","425,529"
"24/05/2022","22,383","64,241","1,828","144,115","234,943","13,781","481,291"
"25/05/2022","22,859","67,526","1,703","138,970","227,553","14,393","473,004"
"26/05/2022","23,014","66,220","1,629","132,879","201,505","11,953","437,200"
"27/05/2022","23,683","67,302","1,444","119,879","167,723","11,085","391,116"
"28/05/2022","8,991","25,106","351","47,519","45,544","2,663","130,174"
"29/05/2022","708","1,630","36","3,748","2,333","235","8,690"
"30/05/2022","21,108","57,397","1,617","160,128","170,959","13,527","424,736"
"31/05/2022","22,902","63,078","1,626","207,075","197,543","14,164","506,388"
"01/06/2022","24,195","64,242","1,503","228,803","194,442","15,619","528,804"
"02/06/2022","24,484","62,052","1,551","243,939","196,226","14,735","542,987"
"03/06/2022","27,413","67,024","1,603","276,016","241,388","16,208","629,652"
"04/06/2022","10,056","26,401","545","119,155","89,736","8,386","254,279"
"05/06/2022","740","1,698","69","9,681","4,550","340","17,078"
"06/06/2022","22,290","55,726","2,349","257,321","392,485","18,053","748,224"
"07/06/2022","25,113","59,710","2,242","296,746","514,004","21,782","919,597"
"08/06/2022","25,885","62,965","1,931","295,953","521,482","22,781","930,997"
"09/06/2022","25,700","61,497","1,961","292,174","527,414","20,649","929,395"
"10/06/2022","25,392","58,898","2,189","279,808","501,573","20,028","887,888"
"11/06/2022","13,244","31,261","922","143,905","228,286","11,276","428,894"
"12/06/2022","679","1,565","27","5,612","9,081","607","17,571"
"13/06/2022","20,485","48,181","2,149","239,859","450,777","17,981","779,432"
"14/06/2022","22,739","52,811","2,104","287,238","538,030","22,625","925,547"
"15/06/2022","26,695","60,655","2,088","308,279","538,120","24,067","959,904"
"16/06/2022","2,347","5,430","94","26,636","43,475","1,375","79,357"
"17/06/2022","8,006","18,954","472","97,742","148,389","6,725","280,288"
"18/06/2022","3,792","9,715","126","45,580","69,982","1,696","130,891"
"19/06/2022","601","1,556","13","6,228","9,357","280","18,035"
"20/06/2022","16,323","39,715","1,343","198,973","463,336","18,826","738,516"
"21/06/2022","23,791","57,198","1,961","316,381","661,389","24,074","1,084,794"
"22/06/2022","24,112","57,360","1,580","317,383","665,842","23,670","1,089,947"
"23/06/2022","21,530","50,126","1,100","259,758","555,365","21,070","908,949"
"24/06/2022","19,622","44,212","1,037","225,160","468,749","17,558","776,338"
"25/06/2022","8,340","17,871","202","86,724","180,190","7,004","300,331"
"26/06/2022","819","1,915","25","8,098","15,919","625","27,401"
"27/06/2022","19,808","46,848","1,402","248,174","535,232","20,281","871,745"
"28/06/2022","22,057","52,743","1,521","279,891","590,543","21,876","968,631"
"29/06/2022","21,082","48,772","1,355","255,008","514,999","20,476","861,692"
"30/06/2022","21,670","51,166","1,631","251,569","494,252","18,726","839,014"
"01/07/2022","20,168","46,231","1,158","226,458","445,385","17,019","756,419"
"02/07/2022","6,121","13,845","253","64,619","128,719","4,360","217,917"
"03/07/2022","643","1,502","16","6,683","13,060","395","22,299"
"04/07/2022","19,853","43,567","1,190","221,392","421,861","15,820","723,683"
"05/07/2022","21,544","48,774","1,213","237,965","458,859","17,505","785,860"
"06/07/2022","22,711","50,774","1,247","239,847","443,087","16,508","774,174"
"07/07/2022","22,104","49,790","1,826","224,839","403,462","15,169","717,190"
"08/07/2022","19,679","43,333","907","196,775","348,570","13,067","622,331"
"09/07/2022","5,489","11,974","102","43,384","83,668","2,953","147,570"
"10/07/2022","568","1,256","12","6,623","10,545","182","19,186"
"11/07/2022","20,194","43,520","1,000","211,155","368,877","14,852","659,598"
"12/07/2022","21,839","48,110","1,155","234,499","424,804","15,390","745,797"
"13/07/2022","21,722","47,713","1,050","219,438","401,370","15,744","707,037"
"14/07/2022","22,397","47,807","779","214,712","374,480","13,997","674,172"
"15/07/2022","23,181","44,626","639","194,141","333,868","11,408","607,863"
"16/07/2022","5,961","9,684","150","36,108","75,411","2,446","129,760"
"17/07/2022","729","1,337","7","5,272","13,106","111","20,562"
"18/07/2022","26,236","41,613","657","189,293","325,274","11,943","595,016"
"19/07/2022","32,191","49,445","682","217,227","363,633","13,760","676,938"
"20/07/2022","39,982","52,698","610","211,722","380,700","14,195","699,907"
"21/07/2022","41,238","49,840","616","198,293","339,828","13,023","642,838"
"22/07/2022","45,251","46,467","504","177,053","309,218","10,011","588,504"
"23/07/2022","19,354","13,697","74","54,821","94,976","3,107","186,029"
"24/07/2022","1,301","1,354","22","5,195","10,312","183","18,367"
"25/07/2022","45,258","43,115","594","182,206","320,456","10,965","602,594"
"26/07/2022","51,915","46,326","533","192,424","360,340","11,849","663,387"
"27/07/2022","56,530","49,837","533","193,119","354,762","12,781","667,562"
"28/07/2022","53,049","46,783","490","178,437","324,610","10,098","613,467"
"29/07/2022","50,941","43,496","446","155,181","287,352","9,708","547,124"
"30/07/2022","16,215","12,593","71","42,661","100,486","2,436","174,462"
"31/07/2022","1,190","1,378","1","4,542","7,793","167","15,071"
"01/08/2022","35,265","33,864","530","140,610","259,720","7,935","477,924"
"02/08/2022","37,897","35,292","465","143,056","284,249","8,708","509,667"
"03/08/2022","36,753","34,281","521","135,266","262,997","9,207","479,025"
"04/08/2022","35,260","33,361","401","130,330","257,605","9,109","466,066"
"05/08/2022","37,452","32,981","441","120,864","222,659","6,610","421,007"
"06/08/2022","9,290","7,164","56","22,699","51,391","1,114","91,714"
"07/08/2022","954","1,131","17","3,204","5,648","87","11,041"
"08/08/2022","28,174","29,380","527","109,876","202,387","6,484","376,828"
"09/08/2022","30,861","31,180","497","114,565","221,498","7,100","405,701"
"10/08/2022","30,899","31,500","374","114,240","221,725","7,047","405,785"
"11/08/2022","29,753","29,555","420","108,217","204,867","6,535","379,347"
"12/08/2022","36,471","36,978","405","125,776","220,779","7,240","427,649"
"13/08/2022","10,685","9,472","55","25,409","54,027","1,251","100,899"
"14/08/2022","525","530","10","1,942","3,562","62","6,631"
"15/08/2022","18,765","22,025","306","81,534","168,403","4,833","295,866"
"16/08/2022","24,803","27,930","393","95,877","202,133","6,062","357,198"
"17/08/2022","25,364","29,020","440","93,103","189,819","6,124","343,870"
"18/08/2022","23,800","29,008","319","89,120","181,680","5,499","329,426"
"19/08/2022","22,244","26,907","254","75,179","149,074","4,280","277,938"
"20/08/2022","99,909","73,013","177","113,820","148,899","6,535","442,353"
"21/08/2022","937","949","6","2,479","4,361","117","8,849"
"22/08/2022","27,422","31,971","270","81,157","147,219","4,988","293,027"
"23/08/2022","28,677","33,160","310","86,254","162,998","5,222","316,621"
"24/08/2022","29,610","35,799","285","86,642","159,451","5,223","317,010"
"25/08/2022","29,159","34,893","326","81,487","155,289","5,012","306,166"
"26/08/2022","33,251","35,912","265","74,982","142,237","4,317","290,964"
"27/08/2022","9,389","9,585","37","15,594","32,198","825","67,628"
"28/08/2022","1,058","1,020","2","2,486","5,161","105","9,832"
"29/08/2022","24,166","31,336","268","66,896","119,291","3,502","245,459"
"30/08/2022","25,311","33,279","313","70,104","127,679","4,230","260,916"
"31/08/2022","23,907","32,264","389","67,039","125,703","4,529","253,831"
"01/09/2022","19,330","27,438","272","60,674","112,661","3,981","224,356"
"02/09/2022","20,652","26,517","244","53,920","104,269","3,058","208,660"
"03/09/2022","6,754","7,017","39","11,779","24,154","539","50,282"
"04/09/2022","605","724","22","1,621","3,264","44","6,280"
"05/09/2022","15,483","21,520","267","49,244","95,509","2,944","184,967"
"06/09/2022","17,981","23,633","319","52,745","103,667","3,297","201,642"
"07/09/2022","992","979","8","2,450","5,114","78","9,621"
"08/09/2022","16,257","23,024","221","46,087","90,544","2,927","179,060"
"09/09/2022","19,106","25,612","194","48,006","88,755","3,654","185,327"
"10/09/2022","3,851","4,511","47","7,933","20,414","304","37,060"
"11/09/2022","305","427","38","1,034","2,121","81","4,006"
"12/09/2022","14,115","21,703","247","45,365","87,224","2,574","171,228"
"13/09/2022","15,309","23,881","314","51,080","93,221","2,739","186,544"
"14/09/2022","15,706","25,686","292","49,341","87,354","2,116","180,495"
"15/09/2022","14,942","23,388","245","44,636","84,278","2,206","169,695"
"16/09/2022","15,635","22,476","269","41,729","77,103","1,876","159,088"
"17/09/2022","4,294","6,398","30","9,104","22,539","283","42,648"
"18/09/2022","662","904","14","1,631","2,749","41","6,001"
"19/09/2022","13,791","23,395","209","42,617","84,628","1,821","166,461"
"20/09/2022","15,187","25,068","227","44,604","87,897","2,041","175,024"
"21/09/2022","13,234","21,973","202","38,553","78,305","1,779","154,046"
"22/09/2022","14,867","24,319","198","43,845","84,394","2,022","169,645"
"23/09/2022","16,048","25,399","197","39,284","80,394","1,652","162,974"
"24/09/2022","5,807","8,277","35","10,555","22,136","312","47,122"
"25/09/2022","363","514","6","1,003","2,631","31","4,548"
"26/09/2022","11,447","19,298","237","35,963","69,345","1,656","137,946"
"27/09/2022","13,190","22,173","239","41,556","78,852","1,985","157,995"
"28/09/2022","13,732","23,113","204","39,190","71,465","1,812","149,516"
"29/09/2022","15,962","24,959","205","40,825","73,705","1,809","157,465"
"30/09/2022","25,718","30,293","164","38,708","69,890","1,493","166,266"
"01/10/2022","3,938","4,089","8","4,203","11,706","172","24,116"
"02/10/2022","34","51","4","163","279","6","537"
"03/10/2022","12,625","16,079","188","28,135","53,265","1,139","111,431"
"04/10/2022","14,112","19,439","179","32,792","60,963","1,533","129,018"
"05/10/2022","15,698","20,551","166","33,676","63,839","1,356","135,286"
"06/10/2022","15,387","20,988","192","31,833","61,385","1,454","131,239"
"07/10/2022","18,496","22,386","176","30,087","59,477","1,245","131,867"
"08/10/2022","7,691","7,512","17","6,892","14,545","260","36,917"
"09/10/2022","348","429","5","731","1,581","17","3,111"
"10/10/2022","13,194","18,100","253","30,226","57,312","1,295","120,380"
"11/10/2022","14,409","19,834","201","32,615","61,843","1,421","130,323"
"12/10/2022","1,070","1,156","6","1,594","3,374","29","7,229"
"13/10/2022","13,474","19,721","163","29,907","55,467","1,267","119,999"
"14/10/2022","15,834","21,117","135","31,635","57,345","1,110","127,176"
"15/10/2022","4,638","5,196","6","6,815","12,280","170","29,105"
"16/10/2022","291","361","0","550","1,082","16","2,300"
"17/10/2022","14,486","20,364","159","30,952","56,931","1,289","124,181"
"18/10/2022","15,113","21,185","171","31,491","55,836","1,295","125,091"
"19/10/2022","16,193","22,040","200","32,201","55,208","1,413","127,255"
"20/10/2022","15,728","22,128","162","31,801","55,096","1,233","126,148"
"21/10/2022","16,350","20,699","183","27,275","52,235","1,112","117,854"
"22/10/2022","5,978","6,464","24","7,541","14,876","278","35,161"
"23/10/2022","253","388","4","540","1,157","10","2,352"
"24/10/2022","11,788","16,029","192","26,235","45,594","1,170","101,008"
"25/10/2022","12,927","18,542","183","29,429","49,593","1,247","111,921"
"26/10/2022","14,029","20,144","213","30,367","53,683","1,423","119,859"
"27/10/2022","15,391","21,622","212","29,935","52,227","1,366","120,753"
"28/10/2022","7,700","11,278","231","13,815","23,687","627","57,338"
"29/10/2022","1,496","2,055","18","2,558","5,650","65","11,842"
"30/10/2022","115","137","1","147","203","9","612"
"31/10/2022","7,189","12,352","194","17,185","27,274","606","64,800"
"01/11/2022","6,835","10,456","273","17,335","30,982","675","66,556"
"02/11/2022","315","459","2","1,016","2,089","37","3,918"
"03/11/2022","7,769","13,066","333","20,107","32,827","977","75,079"
"04/11/2022","10,324","15,636","345","19,824","36,630","827","83,586"
"05/11/2022","2,103","2,957","45","3,646","8,721","84","17,556"
"06/11/2022","308","339","5","1,192","1,188","20","3,052"
"07/11/2022","10,962","15,290","510","27,002","55,971","1,021","110,756"
"08/11/2022","12,933","17,419","449","32,272","73,884","1,445","138,402"
"09/11/2022","15,770","19,144","510","40,961","94,942","1,905","173,232"
"10/11/2022","16,212","19,926","503","43,988","105,429","1,896","187,954"
"11/11/2022","20,427","22,030","623","48,238","118,332","1,839","211,489"
"12/11/2022","3,113","3,295","54","7,906","22,726","131","37,225"
"13/11/2022","180","240","4","766","1,686","58","2,934"
"14/11/2022","3,915","4,618","168","12,976","32,682","722","55,081"
"15/11/2022","611","669","30","2,987","6,144","26","10,467"
"16/11/2022","21,185","22,483","820","68,441","170,732","2,712","286,373"
"17/11/2022","23,285","24,680","662","74,820","187,263","3,329","314,039"
"18/11/2022","29,609","27,246","619","74,430","180,491","3,347","315,742"
"19/11/2022","8,425","7,599","95","20,952","59,933","597","97,601"
"20/11/2022","678","569","9","1,852","5,062","103","8,273"
"21/11/2022","23,339","21,108","578","72,484","167,562","2,950","288,021"
"22/11/2022","22,965","21,099","489","70,966","162,389","3,188","281,096"
"23/11/2022","24,902","20,860","444","64,835","146,320","3,008","260,369"
"24/11/2022","17,327","13,961","320","40,278","88,786","1,668","162,340"
"25/11/2022","22,496","17,703","330","51,129","115,877","2,008","209,543"
"26/11/2022","7,133","4,680","71","13,667","33,829","246","59,626"
"27/11/2022","234","126","3","357","905","0","1,625"
